/*
SQLyog Ultimate v12.4.3 (64 bit)
MySQL - 10.1.34-MariaDB : Database - db10118227perpustakaan
*********************************************************************
*/

/*!40101 SET NAMES utf8 */;

/*!40101 SET SQL_MODE=''*/;

/*!40014 SET @OLD_UNIQUE_CHECKS=@@UNIQUE_CHECKS, UNIQUE_CHECKS=0 */;
/*!40014 SET @OLD_FOREIGN_KEY_CHECKS=@@FOREIGN_KEY_CHECKS, FOREIGN_KEY_CHECKS=0 */;
/*!40101 SET @OLD_SQL_MODE=@@SQL_MODE, SQL_MODE='NO_AUTO_VALUE_ON_ZERO' */;
/*!40111 SET @OLD_SQL_NOTES=@@SQL_NOTES, SQL_NOTES=0 */;
CREATE DATABASE /*!32312 IF NOT EXISTS*/`db10118227perpustakaan` /*!40100 DEFAULT CHARACTER SET latin1 */;

USE `db10118227perpustakaan`;

/*Table structure for table `t_anggota` */

DROP TABLE IF EXISTS `t_anggota`;

CREATE TABLE `t_anggota` (
  `Kd_Anggota` varchar(20) NOT NULL,
  `Nama_Anggota` varchar(30) DEFAULT NULL,
  `Status_Anggota` char(20) DEFAULT NULL,
  `Email` varchar(50) DEFAULT NULL,
  PRIMARY KEY (`Kd_Anggota`)
) ENGINE=InnoDB DEFAULT CHARSET=latin1;

/*Data for the table `t_anggota` */

insert  into `t_anggota`(`Kd_Anggota`,`Nama_Anggota`,`Status_Anggota`,`Email`) values 
('10118225','YANA JULIANA','BIASA','YANAJULIANA.10118225@MAHASISWA.UNIKOM.AC.ID'),
('10118226','ARVELINO HERZANTIO','BIASA','ARVELINOHERZANTIO.10118226@MAHASISWA.UNIKOM.AC.ID'),
('10118227','FAUZAN LUKMANUL HAKIM','BIASA','FAUZAN.10118227@MAHASISWA.UNIKOM.AC.ID'),
('10118228','YANUAR WANDA PUTRA','KHUSUS','YANUAR.10118228@MAHASISWA.UNIKOM.AC.ID'),
('10118234','MUHAMMAD FAISHAL AZIZI','KHUSUS','MUHAMMADFAISHAL.10118234@MAHASISWA.UNIKOM.AC.ID'),
('10118240','AKBAR SALEH ALFIAN','BIASA','AKBARSALAEHALFIAN.10118240@MAHASISWA.UNIKOM.AC.ID'),
('10118241','DIKRI SALIK AMARULLAH','KHUSUS','DIKRISALIK.10118241@MAHASISWA.UNIKOM.AC.ID'),
('10118243','ABDUL HANIF','BIASA','ABDULHANIF.10118243@MAHASISWA.UNIKOM.AC.ID'),
('10118244','AUDRIANA PUTRI','BIASA','AUDRIANAPUTRI.10118244@MAHASISWA.UNIKOM.AC.ID'),
('10118245','ALAMSYAH JIWANEGARA','KHUSUS','ALAMSYAH.10118245@MAHASISWA.UNIKOM.AC.ID'),
('10118248','REZA LUTFI NURDIANSYAH','BIASA','REZALUTFI.10118248@MAHASISWA.UNIKOM.AC.ID'),
('10118249','BAGUS PERDANA YUSUF','KHUSUS','BAGUSPERDANA.10118249@MAHASISWA.UNIKOM.AC.ID'),
('10118252','ROBI NURHIDAYAT','BIASA','ROBINURHIDAYAT.10118252@MAHASISWA.UNIKOM.AC.ID'),
('10118253','RAMADHANI','KHUSUS','RAMADAHNI.10118253@MAHASISWA.UNIKOM.AC.ID'),
('10118254','FAKHRI YUSRIZAL HIDAYAT','KHUSUS','FAKHRIYUSRIZAL.10118254@MAHASISWA.UNIKOM.AC.ID'),
('10118255','RADEN FACHRUL RAMZI','KHUSUS','RADENFACHRUL.10118255@MAHASISWA.UNIKOM.AC.ID'),
('10118256','GENTRA ARIA WIBAWA','KHUSUS','GENTRA@10118256@MAHASISWA.UNIKOM.AC.ID'),
('10118257','MAULANA FAJAR SHIDIQ','BIASA','MAULANAFAJAR.10118257@MAHASISWA.UNIKOM.AC.ID'),
('10118258','SYIFA NABILA KADI','BIASA','SYIFANABILA.10118258@MAHASISWA.UNIKOM.AC.ID'),
('10118259','ANDRE RIANA MULYA','KHUSUS','ANDRERIANA.10118259@MAHASISWA.UNIKOM.AC.ID'),
('10118261','MUHAMMAD FIQRI','BIASA','MUHAMMADFIQRI.10118261@MAHASISWA.UNIKOM.AC.ID'),
('10118262','RIZALDI NAUFAL GHIFFARI','KHUSUS','RIZALDI.10118262@MAHASISWA.UNIKOM.AC.ID'),
('10118263','SANDI MAULANA','BIASA','SANDIMAULANA.10118263@MAHASISWA.UNIKOM.AC.ID'),
('10118265','MOCHAMAD ALVY NUR RAMADHAN','BIASA','ALVY@10118265@MAHASISWA.UNIKOM.AC.ID'),
('10118266','FADLI RINALDI BAHARI','BIASA','FADLIRINALDI.10118266@MAHASISWA.UNIKOM.AC.ID');

/*Table structure for table `t_kategori_koleksi` */

DROP TABLE IF EXISTS `t_kategori_koleksi`;

CREATE TABLE `t_kategori_koleksi` (
  `Kd_Kategori` char(5) NOT NULL,
  `Nama_Kategori` char(30) DEFAULT NULL,
  PRIMARY KEY (`Kd_Kategori`)
) ENGINE=InnoDB DEFAULT CHARSET=latin1;

/*Data for the table `t_kategori_koleksi` */

insert  into `t_kategori_koleksi`(`Kd_Kategori`,`Nama_Kategori`) values 
('AG','AGAMA'),
('AK','AKUNTASI'),
('ARS','ARSITEKTUR'),
('AST','ASTRONOMI'),
('BHS','BAHASA'),
('DSGN','DESAIN'),
('EK','EKONOMI'),
('FLSFT','FILSAFAT'),
('GEO','GEOGRAFI'),
('HK','HUKUM'),
('IPO','ILMU POLITIK'),
('IT','KOMPUTER'),
('KES','KESEHATAN'),
('KWR','KEWARGANEGARAAN'),
('MAN','MANUFAKTUR'),
('MJMN','MANAJEMEN'),
('MTMK','MATEMATIKA'),
('PD','PENDIDIKAN'),
('PSI','PSIKOLOGI'),
('PU','PENGETAHUAN UMUM'),
('SASTR','KESASTRAAN'),
('SC','SCIENCE'),
('SEJ','SEJARAH'),
('SS','SOSIAL'),
('TEK','TEKNIK');

/*Table structure for table `t_koleksi` */

DROP TABLE IF EXISTS `t_koleksi`;

CREATE TABLE `t_koleksi` (
  `Kd_Koleksi` int(11) NOT NULL AUTO_INCREMENT,
  `Judul_Koleksi` varchar(50) DEFAULT NULL,
  `Nama_Pengarang` char(30) DEFAULT NULL,
  `Nama_Penerbit` char(30) DEFAULT NULL,
  `Tahun_Terbit` char(4) DEFAULT NULL,
  `No_Rak` char(10) DEFAULT NULL,
  `Kd_Kategori` char(5) DEFAULT NULL,
  `Status` char(20) DEFAULT NULL,
  `Estimasi_Pengembalian` date DEFAULT NULL,
  `Harga` int(11) DEFAULT NULL,
  PRIMARY KEY (`Kd_Koleksi`),
  KEY `Kd_Kategori` (`Kd_Kategori`),
  CONSTRAINT `t_koleksi_ibfk_1` FOREIGN KEY (`Kd_Kategori`) REFERENCES `t_kategori_koleksi` (`Kd_Kategori`)
) ENGINE=InnoDB AUTO_INCREMENT=31 DEFAULT CHARSET=latin1;

/*Data for the table `t_koleksi` */

insert  into `t_koleksi`(`Kd_Koleksi`,`Judul_Koleksi`,`Nama_Pengarang`,`Nama_Penerbit`,`Tahun_Terbit`,`No_Rak`,`Kd_Kategori`,`Status`,`Estimasi_Pengembalian`,`Harga`) values 
(1,'ACCESS BY DESIGNN','GEORGE A. COVINGTONN','VAN NOSTRAND REIHOLD','2007','5','DSGN','HILANG',NULL,250000),
(2,'PEMROGRAMAN DATABASE DENGAN DELPHI 7','ABDUL KADIR','PENERBIT ANDI','2004','1','IT','TERSEDIA',NULL,200000),
(3,'ANIMASI MENGGUNAKAN FLASH','PRIYANTO HIDAYATULLAH','INFORMATIKA','2011','1','IT','HILANG',NULL,210000),
(4,'GRAFIK DAN ANIMASI PROFESIONAL POWER POINT','EDY WINARNO DAN ALI ZAKI','ELEX MEDIA KOMPUTINDO','2015','1','IT','TERSEDIA',NULL,225000),
(5,'GOD, DO YOU SPEAK ENGLISH?','JEFF KRISTIANTO','RENE BOOKS','2019','1','PU','HILANG',NULL,265000),
(6,'ONTOLOGI METAFISIKA UMUM FILSAFAT','ACHMAD CHARIS ZUBAIR','KANISIUS YOGYAKARTA','1992','1','FLSFT','TERSEDIA',NULL,190000),
(7,'AKUNTANSI PENGANTAR-1','SUPARDI','GAVA MEDIA','2009','2','AK','TERSEDIA',NULL,150000),
(8,'THE AUTHORIZED BIOGRAPHY OF KH.ABDURRAHMAN WAHID','GREG BARTON','LKiS','2011','2','SEJ','TERSEDIA',NULL,285000),
(9,'KESADARAN NASIONAL','SLAMET MULJANA','LKiS','2008','2','SEJ','TERSEDIA',NULL,170000),
(10,'MANAJEMEN PENERBIT JURNAL ILMIAH','LUKMAN S','SUGANG SETO','2012','2','MJMN','TERSEDIA',NULL,240000),
(11,'FIQH EKONOMI SYARIAH','DR. MARDANI','KENCANA','2013','2','AG','TERSEDIA',NULL,125000),
(12,'TETAP SEHAT SETELAH USIA 40 TAHUN','DR. SALMA','GEMA INSANI','2014','3','SS','HILANG',NULL,270000),
(13,'JEJAK-JEJAK CINTA','TONI RAHARJO','GEMA INSANI','2015','3','SS','TERSEDIA','0000-00-00',185000),
(14,'AN INQUIRY INTO THE NATURE AND CAUSES OF THE WEALT','ADAM SMITH','ADAM SMITH','1776','3','EK','TERSEDIA','0000-00-00',350000),
(15,'HUKUM BISNIS PROPERTI DI INDONESIA','ANDIKA WIJAYA','GRASINDO','2017','3','HK','TERSEDIA','0000-00-00',105000),
(16,'MATEMATIKA DASAR TEORI','JHON BIRD','ERLANGGA','2004','3','PD','TERSEDIA','0000-00-00',135000),
(17,'BAHASA DAN SASTRA','KIFTIAWATI DAN ENDRY SULISTYO','PUSPA SWARA','2007','4','BHS','TERSEDIA','0000-00-00',75000),
(18,'A BRIEF HISTORY OF TIME','STEPHEN HAWKING','BANTAM DELL PUBLISHING GROUP','1988','4','SC','TERSEDIA','0000-00-00',500000),
(19,'MAKING AND BREAKING THE GRID','TIMOTHY SAMARA','AUTHOR BOOKS','2005','4','DSGN','TERSEDIA','0000-00-00',450000),
(20,'SEJARAH DAN PERADABAN ISLAM','BADRI YATIM','PT RAJA GRAFINDO PERSADA','1998','5','SEJ','TERSEDIA','0000-00-00',120000),
(21,'DESAIN RUMAH APLIKATIF','ARTATI','DEEP PUBLISH','2018','4','ARS','TERSEDIA','0000-00-00',80000),
(22,'SITI NURBAYA','MARAH RUSLI','BALAI PUSTAKA','1922','4','SASTR','TERSEDIA','0000-00-00',195000),
(23,'PENGANTAR TEKNOLOGI INFORMASI','TATA SUTABRI','ANDI OFFSET','2014','5','IT','TERSEDIA','0000-00-00',80000),
(24,'SISTEM BERKAS 2013','WAHYUNI','ANDI OFFSET','2013','5','IT','TERSEDIA','0000-00-00',95000),
(25,'TEKNIK SAMPLING','ERIYANTO','LKiS','2007','5','IT','TERSEDIA','0000-00-00',320000);

/*Table structure for table `t_master` */

DROP TABLE IF EXISTS `t_master`;

CREATE TABLE `t_master` (
  `Username` char(20) NOT NULL,
  `Password` char(20) DEFAULT NULL,
  `Hak_Akses` char(20) DEFAULT NULL,
  PRIMARY KEY (`Username`)
) ENGINE=InnoDB DEFAULT CHARSET=latin1;

/*Data for the table `t_master` */

insert  into `t_master`(`Username`,`Password`,`Hak_Akses`) values 
('ADMIN','ADMIN','ADMIN'),
('ADMIN2','ADMIN2','ADMIN'),
('AKBAR','AKBAR88','USER'),
('ALAM','ALAMSYAHJN','USER'),
('AUDRI','AUDRIY44','ADMIN'),
('AZIZI','AZZ24','ADMIN'),
('DIKRI','DIKRI3','USER'),
('ELGIA','ELGIASAF','ADMIN'),
('ENDAH','NUG05','ADMIN'),
('FADLI','FADLI25','USER'),
('FAISHAL','FAISHALMHMD','ADMIN'),
('FAJAR','FJRFJR','ADMIN'),
('FAKHRI','FAKHRIY17','USER'),
('FARHAN','FF48','ADMIN'),
('FAUZAN','FAUZANL','ADMIN'),
('GENTRA','GEN3','ADMIN'),
('RAMA','RAMA5','USER'),
('REZA','REZALUTH','USER'),
('RIDWAN','WANN7','USER'),
('ROBI','ROBI12','USER'),
('SANDI','SANDI30','ADMIN'),
('SYIFA','SYF98','ADMIN'),
('USER','USER','USER'),
('WIDY','SHAKYUN20','USER'),
('YANA','YANAJ','ADMIN');

/*Table structure for table `t_peminjaman` */

DROP TABLE IF EXISTS `t_peminjaman`;

CREATE TABLE `t_peminjaman` (
  `Kd_Peminjaman` char(10) NOT NULL,
  `Kd_Koleksi` int(11) DEFAULT NULL,
  `Kd_Anggota` varchar(20) DEFAULT NULL,
  `Tgl_Pinjam` date DEFAULT NULL,
  `Tgl_Kembali` date DEFAULT NULL,
  `Estimasi_Pengembalian` date DEFAULT NULL,
  `Denda_Keterlambatan` int(11) DEFAULT NULL,
  `Status` char(15) DEFAULT NULL,
  `Username` char(20) DEFAULT NULL,
  PRIMARY KEY (`Kd_Peminjaman`),
  KEY `Kd_Anggota` (`Kd_Anggota`),
  KEY `Kd_Koleksi` (`Kd_Koleksi`),
  KEY `Username` (`Username`),
  CONSTRAINT `t_peminjaman_ibfk_2` FOREIGN KEY (`Kd_Anggota`) REFERENCES `t_anggota` (`Kd_Anggota`),
  CONSTRAINT `t_peminjaman_ibfk_3` FOREIGN KEY (`Kd_Koleksi`) REFERENCES `t_koleksi` (`Kd_Koleksi`),
  CONSTRAINT `t_peminjaman_ibfk_4` FOREIGN KEY (`Username`) REFERENCES `t_master` (`Username`)
) ENGINE=InnoDB DEFAULT CHARSET=latin1;

/*Data for the table `t_peminjaman` */

/*Table structure for table `t_pengembalian_bayar` */

DROP TABLE IF EXISTS `t_pengembalian_bayar`;

CREATE TABLE `t_pengembalian_bayar` (
  `Kd_Kehilangan` int(11) NOT NULL AUTO_INCREMENT,
  `Tanggal_Ganti` date DEFAULT NULL,
  `Harga_Ganti` int(11) DEFAULT NULL,
  `Kd_Peminjaman` char(10) DEFAULT NULL,
  PRIMARY KEY (`Kd_Kehilangan`),
  KEY `Kd_Peminjaman` (`Kd_Peminjaman`),
  CONSTRAINT `t_pengembalian_bayar_ibfk_1` FOREIGN KEY (`Kd_Peminjaman`) REFERENCES `t_peminjaman` (`Kd_Peminjaman`)
) ENGINE=InnoDB AUTO_INCREMENT=7 DEFAULT CHARSET=latin1;

/*Data for the table `t_pengembalian_bayar` */

/*Table structure for table `t_pengembalian_ganti` */

DROP TABLE IF EXISTS `t_pengembalian_ganti`;

CREATE TABLE `t_pengembalian_ganti` (
  `Kd_Kehilangan` int(11) NOT NULL AUTO_INCREMENT,
  `Tanggal_Ganti` date DEFAULT NULL,
  `Kode_Koleksi_Ganti` int(11) DEFAULT NULL,
  `Kd_Peminjaman` char(10) DEFAULT NULL,
  PRIMARY KEY (`Kd_Kehilangan`),
  KEY `Kd_Peminjaman` (`Kd_Peminjaman`),
  KEY `Kode_Koleksi_Ganti` (`Kode_Koleksi_Ganti`),
  CONSTRAINT `t_pengembalian_ganti_ibfk_1` FOREIGN KEY (`Kd_Peminjaman`) REFERENCES `t_peminjaman` (`Kd_Peminjaman`),
  CONSTRAINT `t_pengembalian_ganti_ibfk_2` FOREIGN KEY (`Kode_Koleksi_Ganti`) REFERENCES `t_koleksi` (`Kd_Koleksi`)
) ENGINE=InnoDB AUTO_INCREMENT=3 DEFAULT CHARSET=latin1;

/*Data for the table `t_pengembalian_ganti` */

/*!40101 SET SQL_MODE=@OLD_SQL_MODE */;
/*!40014 SET FOREIGN_KEY_CHECKS=@OLD_FOREIGN_KEY_CHECKS */;
/*!40014 SET UNIQUE_CHECKS=@OLD_UNIQUE_CHECKS */;
/*!40111 SET SQL_NOTES=@OLD_SQL_NOTES */;
